{"cameraMode":{"drawMode":0,"name":"Shaded","section":"Shading Mode"},"sceneLighting":false,"audioPlay":false,"sceneViewState":{"m_AlwaysRefresh":false,"showFog":true,"showSkybox":false,"showFlares":true,"showImageEffects":true,"showParticleSystems":true,"showVisualEffectGraphs":true,"m_FxEnabled":true},"in2DMode":false,"pivot":{"x":0.5991911888122559,"y":0.14771437644958497,"z":0.8724370002746582},"rotation":{"x":0.18501649796962739,"y":-0.8108870983123779,"z":0.34448692202568056,"w":0.43559107184410097},"size":0.8637047410011292,"orthographic":false}